timestamp,floor_1_energy_consumption,floor_2_energy_consumption,floor_3_energy_consumption,total_energy_consumption,weather_temperature,weather_humidity
2025-02-03 00:49:11,6.44,5.76,7.348,19.54886165667332,20,50
2025-02-03 00:51:40,7.269,7.102,6.757,21.127889180193268,20,50
2025-02-03 00:51:41,7.071,6.905,6.638,20.614179746707883,20,50
2025-02-03 00:51:42,7.224,6.866,6.793,20.883388303677076,20,50
2025-02-03 00:51:43,6.878,6.961,6.798,20.63767067566464,20,50
2025-02-03 00:51:44,6.746,6.799,6.759,20.304302515752227,20,50
2025-02-03 00:51:45,6.571,6.877,6.884,20.332410000921048,20,50
2025-02-03 00:51:46,6.444,6.985,7.031,20.46047459236445,20,50
2025-02-03 00:51:47,6.394,6.683,6.954,20.031203917838337,20,50
2025-02-03 00:51:48,6.321,6.547,6.997,19.864379935063923,20,50
2025-02-03 00:51:49,6.189,6.89,7.1,20.178954551025406,20,50
2025-02-03 00:51:50,6.022,6.717,7.433,20.17204448696593,20,50
2025-02-03 00:51:51,6.079,6.629,7.211,19.919121666369815,20,50
2025-02-03 00:51:52,6.257,6.646,7.364,20.26755957502946,20,50
2025-02-03 00:51:53,5.787,6.451,7.201,19.4383374545992,20,50
2025-02-03 00:51:54,5.689,5.966,7.613,19.267859541388688,20,50
2025-02-03 00:51:55,5.62,6.084,7.416,19.12020859408254,20,50
2025-02-03 00:51:56,5.768,5.952,7.51,19.23057644332569,20,50
2025-02-03 00:51:57,3.975,5.962,7.485,17.42234191283145,20,50
2025-02-03 00:51:58,4.081,6.373,7.351,17.80591773694642,20,50
2025-02-03 00:51:59,5.959,5.943,7.556,19.458299776132197,20,50
2025-02-03 00:52:00,5.491,6.035,7.679,19.204592826184214,20,50
2025-02-03 00:52:01,5.474,6.098,7.413,18.984934561948112,20,50
2025-02-03 00:52:02,5.694,5.835,7.428,18.957574370268567,20,50
2025-02-03 00:52:03,5.494,5.798,7.395,18.68736127380902,20,50
2025-02-03 00:52:05,5.826,5.8,7.638,19.263028685014046,20,50
2025-02-03 00:52:06,5.944,5.817,7.592,19.35305653203438,20,50
2025-02-03 00:52:07,5.423,6.747,7.529,19.698994370501353,20,50
2025-02-03 00:52:08,5.745,6.753,7.453,19.951434278017363,20,50
2025-02-03 00:52:09,5.844,6.748,7.422,20.01424900677517,20,50
2025-02-03 00:52:10,5.57,6.906,7.556,20.03172263576561,20,50
2025-02-03 00:52:11,5.608,6.731,7.588,19.926905973944645,20,50
2025-02-03 00:52:12,6.957,6.686,7.396,21.038084101211545,20,50
2025-02-03 00:52:13,6.969,6.676,7.427,21.071693444750913,20,50
2025-02-03 00:52:14,7.316,6.721,7.681,21.718190379676287,20,50
2025-02-03 00:52:15,7.271,6.8,7.42,21.4905634820812,20,50
2025-02-03 00:52:16,7.364,6.932,7.474,21.769519887867126,20,50
2025-02-03 00:52:17,7.517,7.263,7.532,22.31173914143487,20,50
2025-02-03 00:52:18,7.481,6.792,7.594,21.86664537873876,20,50
2025-02-03 00:52:19,7.699,7.006,7.338,22.04241175050523,20,50
2025-02-03 00:52:20,7.957,7.099,5.498,20.553150652741657,20,50
2025-02-03 00:52:21,8.122,6.972,7.061,22.1553945475865,20,50
2025-02-03 00:52:22,8.113,7.019,6.548,21.680333671221575,20,50
2025-02-03 00:52:23,8.344,6.967,6.556,21.86664035656741,20,50
2025-02-03 00:52:24,8.44,7.025,6.727,22.191012914192903,20,50
2025-02-03 00:52:25,8.411,7.219,6.857,22.486543504741302,20,50
2025-02-03 00:52:26,8.395,7.07,6.664,22.128856260838724,20,50
2025-02-03 00:52:27,8.772,7.01,6.875,22.6575545835313,20,50
2025-02-03 00:52:28,8.816,7.101,6.858,22.774245040077236,20,50
2025-02-03 00:52:29,8.653,7.098,6.195,21.946409997939593,20,50
2025-02-03 00:52:30,8.762,6.843,6.177,21.780831847336664,20,50
2025-02-03 00:52:31,8.796,6.939,5.447,21.182226645788244,20,50
2025-02-03 00:52:32,8.935,7.01,6.538,22.483207958638836,20,50
2025-02-03 00:52:33,8.99,7.093,7.798,23.880211280679106,20,50
2025-02-03 00:52:34,9.022,7.085,7.945,24.05192548328902,20,50
2025-02-03 00:52:35,8.982,7.35,8.203,24.536060771563733,20,50
2025-02-03 00:52:36,8.944,6.881,7.922,23.747177997305915,20,50
2025-02-03 00:52:37,9.045,7.026,8.006,24.077960772574073,20,50
2025-02-03 00:52:38,9.081,7.014,8.308,24.40400194824234,20,50
2025-02-03 00:52:39,9.008,6.817,8.105,23.92898383085563,20,50
2025-02-03 00:52:40,8.923,7.025,8.078,24.026926438376716,20,50
2025-02-03 00:52:41,8.843,7.061,8.314,24.218175802705822,20,50
2025-02-03 00:52:42,8.732,6.994,8.239,23.96589721299825,20,50
2025-02-03 00:52:43,8.76,7.192,8.172,24.124769261091075,20,50
2025-02-03 00:52:44,8.699,7.258,8.053,24.009582688861926,20,50
2025-02-03 00:52:45,8.76,7.047,8.11,23.916891817038085,20,50
2025-02-03 00:52:46,8.572,7.166,8.287,24.024969441624425,20,50
2025-02-03 00:52:47,8.567,7.118,8.177,23.861472544574198,20,50
2025-02-03 00:52:48,8.31,6.863,8.064,23.237119987143075,20,50
2025-02-03 00:52:49,8.492,7.045,7.934,23.470763300258444,20,50
2025-02-03 00:52:50,8.424,7.103,8.2,23.727843036406494,20,50
2025-02-03 00:52:51,8.148,7.207,7.955,23.31038026139842,20,50
2025-02-03 00:52:52,7.872,7.121,7.974,22.96704964938186,20,50
2025-02-03 00:52:53,7.845,6.982,7.96,22.786356803143853,20,50
2025-02-03 00:52:54,7.681,6.985,7.846,22.5116901727002,20,50
2025-02-03 00:52:55,7.47,6.865,7.709,22.043599873080524,20,50
2025-02-03 00:52:56,7.56,7.054,7.559,22.1742166719193,20,50
2025-02-03 00:52:57,7.42,6.894,7.787,22.10103533107353,20,50
2025-02-03 00:52:58,7.456,7.122,7.419,21.99734228119106,20,50
2025-02-03 00:52:59,7.169,6.971,7.514,21.654818222641033,20,50
2025-02-03 00:53:00,6.793,6.816,7.413,21.022751328170962,20,50
2025-02-03 00:53:01,6.908,6.893,7.18,20.980744044682538,20,50
2025-02-03 00:53:02,6.7,7.039,6.964,20.703177883134423,20,50
2025-02-03 00:53:03,6.389,6.902,6.953,20.244636879020838,20,50
2025-02-03 00:53:04,6.346,6.889,6.758,19.992902805484917,20,50
2025-02-03 00:53:05,6.359,6.921,6.912,20.19258860129979,20,50
2025-02-03 00:53:06,6.066,6.842,6.659,19.567242967413257,20,50
2025-02-03 00:53:07,6.018,6.988,6.766,19.772259711004878,20,50
2025-02-03 00:53:08,5.855,7.021,6.549,19.42550848300993,20,50
2025-02-03 00:53:09,5.692,6.763,6.421,18.87622922369262,20,50
2025-02-03 00:53:10,5.523,6.616,6.538,18.67715683448303,20,50
2025-02-03 00:53:11,5.404,6.819,6.243,18.466083623876443,20,50
2025-02-03 00:53:12,5.568,6.728,6.393,18.68849461812401,20,50
2025-02-03 00:53:13,5.485,6.724,6.298,18.507264674574525,20,50
2025-02-03 00:53:14,5.237,7.071,5.874,18.18165925825358,20,50
2025-02-03 00:53:15,5.276,6.933,5.863,18.073078368416574,20,50
2025-02-03 00:53:16,5.198,6.728,5.874,17.80043788243608,20,50
2025-02-03 00:53:17,5.04,6.701,5.809,17.55063401363957,20,50
2025-02-03 00:53:18,5.071,6.658,5.858,17.586953141717693,20,50
2025-02-03 00:53:19,4.892,6.523,6.123,17.53709208628173,20,50
2025-02-03 00:53:21,4.764,6.751,5.586,17.10097476739405,20,50
2025-02-03 00:53:22,4.736,6.783,5.8,17.318718886707963,20,50
2025-02-03 00:53:23,4.931,6.76,5.398,17.08927567946152,20,50
2025-02-03 00:53:24,4.914,6.676,5.565,17.15390949531467,20,50
2025-02-03 00:53:25,4.908,6.582,5.41,16.900330229695403,20,50
2025-02-03 00:53:26,4.996,6.749,5.597,17.342649563678275,20,50
2025-02-03 00:53:27,4.838,6.917,5.363,17.1181024567771,20,50
2025-02-03 00:53:29,5.277,6.623,5.352,17.25221111940617,20,50
2025-02-03 00:53:30,5.098,6.586,5.408,17.090918010367297,20,50
2025-02-03 00:53:31,5.101,6.751,5.589,17.44161461984939,20,50
2025-02-03 00:53:32,5.106,6.689,5.46,17.25441962754889,20,50
2025-02-03 00:53:33,5.366,6.548,5.384,17.298104844073706,20,50
2025-02-03 00:53:34,5.289,6.579,5.625,17.492381969665736,20,50
2025-02-03 00:53:35,5.265,6.919,5.582,17.76639801822884,20,50
2025-02-03 00:53:36,5.491,6.656,5.353,17.500414010046264,20,50
2025-02-03 00:53:38,5.466,6.692,5.414,17.572193017234458,20,50
2025-02-03 00:53:39,5.782,6.612,5.612,18.00656338224315,20,50
2025-02-03 00:53:40,5.883,6.781,5.613,18.277395910076603,20,50
2025-02-03 00:53:41,5.975,7.392,5.997,19.36392727291127,20,50
2025-02-03 00:53:42,6.216,7.03,5.672,18.919093545407485,20,50
2025-02-03 00:53:43,6.243,6.92,6.056,19.219901528052397,20,50
2025-02-03 00:53:44,6.562,6.856,5.881,19.29856872804343,20,50
2025-02-03 00:53:45,6.432,6.722,5.969,19.12280535495818,20,50
2025-02-03 00:53:47,6.554,6.809,6.019,19.38191303004107,20,50
2025-02-03 00:53:48,6.685,6.899,6.043,19.6273182481253,20,50
2025-02-03 00:53:49,6.846,7.08,6.192,20.118651939031913,20,50
2025-02-03 00:53:50,7.294,6.751,6.224,20.269441457968924,20,50
2025-02-03 00:53:51,7.227,6.882,6.316,20.42460934028133,20,50
2025-02-03 00:53:52,7.402,7.066,6.519,20.98725340869276,20,50
2025-02-03 00:53:53,7.733,7.179,6.625,21.537492141250972,20,50
2025-02-03 00:53:55,7.613,7.119,6.688,21.420434414571158,20,50
2025-02-03 00:53:56,7.955,6.925,7.067,21.946972210953447,20,50
2025-02-03 00:53:57,7.75,6.999,6.839,21.58819303088672,20,50
2025-02-03 00:53:58,8.043,7.006,7.123,22.17178462430623,20,50
2025-02-03 00:53:59,8.289,7.0,7.383,22.67251553314852,20,50
2025-02-03 00:54:00,8.197,7.221,7.366,22.783543272333564,20,50
2025-02-03 00:54:01,8.303,6.901,7.37,22.57482646647292,20,50
2025-02-03 00:54:03,8.587,5.635,7.609,21.83140736096197,20,50
2025-02-03 00:54:04,8.545,5.574,7.47,21.588368757674992,20,50
2025-02-03 00:54:05,8.454,6.0,7.571,22.024929024012543,20,50
2025-02-03 00:54:06,8.617,5.514,7.644,21.774436454647205,20,50
2025-02-03 00:54:07,8.839,5.48,7.789,22.108043756878402,20,50
2025-02-03 00:54:08,8.999,5.539,7.971,22.508434639342116,20,50
2025-02-03 00:54:09,9.093,6.658,7.808,23.55849278575854,20,50
2025-02-03 01:00:35,9.463,5.303,4.611,19.37733292570374,20,50
2025-02-03 01:00:36,9.214,5.246,4.48,18.940835106370216,20,50
2025-02-03 01:00:37,9.28,5.109,4.714,19.10371076307708,20,50
2025-02-03 01:00:38,9.316,5.247,4.566,19.128887224732427,20,50
2025-02-03 01:00:39,9.412,5.005,5.977,20.393713003671603,20,50
2025-02-03 01:00:40,9.418,5.187,6.122,20.726300810617218,20,50
2025-02-03 01:00:41,9.331,6.451,5.875,21.656706899327073,20,50
2025-02-03 01:00:42,9.033,6.525,5.94,21.498079918057474,20,50
2025-02-03 01:00:43,9.142,6.651,5.752,21.54517487685089,20,50
2025-02-03 01:00:44,9.293,6.7,6.146,22.13807882824404,20,50
2025-02-03 01:00:45,9.108,6.886,6.093,22.087368511094606,20,50
2025-02-03 01:00:46,9.267,6.558,5.863,21.688035661072348,20,50
2025-02-03 01:00:47,9.009,6.856,6.164,22.02981117285231,20,50
2025-02-03 01:00:48,8.816,6.698,6.071,21.584951041762395,20,50
2025-02-03 01:00:49,8.687,6.916,6.132,21.73463260017025,20,50
2025-02-03 01:00:50,8.514,6.664,6.162,21.340050891363422,20,50
2025-02-03 01:00:51,8.477,6.822,5.755,21.05478776716898,20,50
2025-02-03 01:00:52,7.322,6.953,5.928,20.203144196854225,20,50
2025-02-03 01:00:53,7.437,6.845,5.935,20.21639556723429,20,50
2025-02-03 01:00:54,6.887,7.201,6.003,20.090658041110174,20,50
2025-02-03 01:00:55,6.854,7.071,5.863,19.788396448984088,20,50
2025-02-03 01:00:56,6.65,7.172,5.873,19.69542151736377,20,50
2025-02-03 01:00:57,6.454,6.916,5.782,19.151166420324746,20,50
2025-02-03 01:00:58,6.74,7.244,5.864,19.84795611361481,20,50
2025-02-03 01:00:59,6.526,7.044,5.698,19.2670864074502,20,50
2025-02-03 01:01:00,6.464,7.169,5.854,19.487252592891306,20,50
2025-02-03 01:01:01,6.176,7.253,6.125,19.554636247642353,20,50
2025-02-03 01:01:02,6.44,7.199,5.799,19.439190810030933,20,50
2025-02-03 01:01:03,5.865,7.143,5.744,18.7513289636474,20,50
2025-02-03 01:01:04,6.008,7.415,7.403,20.826140707974446,20,50
2025-02-03 01:01:05,5.68,7.372,7.057,20.108211005820255,20,50
2025-02-03 01:01:06,5.715,7.441,7.322,20.478580193188094,20,50
2025-02-03 01:01:07,5.484,7.158,6.998,19.64093938987222,20,50
2025-02-03 01:01:08,5.334,7.396,7.039,19.769105165236574,20,50
2025-02-03 01:01:09,5.13,7.32,7.05,19.49976054229888,20,50
2025-02-03 01:01:10,5.311,7.297,7.284,19.892651547506475,20,50
2025-02-03 01:01:11,4.605,7.452,7.196,19.253622457112094,20,50
2025-02-03 01:01:12,4.936,7.369,7.003,19.307341422906674,20,50
2025-02-03 01:01:13,4.78,7.451,7.182,19.413633152172075,20,50
2025-02-03 01:01:14,4.265,7.366,7.063,18.69480623851173,20,50
2025-02-03 01:01:15,5.294,7.8,7.219,20.312736993898003,20,50
2025-02-03 01:01:16,5.265,7.417,7.214,19.896269737315972,20,50
2025-02-03 01:01:17,5.748,7.355,7.368,20.47092577618776,20,50
2025-02-03 01:01:18,5.838,7.279,7.316,20.433545156743158,20,50
2025-02-03 01:01:19,5.346,7.259,7.287,19.89207332311415,20,50
2025-02-03 01:01:20,5.6,7.26,7.262,20.121098580585347,20,50
2025-02-03 01:01:21,5.632,7.317,7.301,20.250274982192565,20,50
2025-02-03 01:01:22,5.613,7.215,7.534,20.361891348162374,20,50
2025-02-03 01:01:23,5.69,7.28,7.909,20.879026518384634,20,50
2025-02-03 01:01:24,5.509,7.292,7.585,20.38571036334618,20,50
2025-02-03 01:01:25,5.828,7.284,7.653,20.765132860770528,20,50
2025-02-03 01:01:26,5.494,7.435,7.523,20.452086398952332,20,50
2025-02-03 01:01:27,5.456,7.335,7.706,20.496292305119784,20,50
2025-02-03 01:01:29,5.849,7.355,7.613,20.817277510774055,20,50
2025-02-03 01:01:30,5.616,7.035,7.774,20.424176275883692,20,50
2025-02-03 01:01:31,5.719,7.227,7.637,20.583104979454543,20,50
2025-02-03 01:01:32,5.937,6.972,7.831,20.740106850906077,20,50
2025-02-03 01:01:33,5.838,7.156,7.706,20.700389965669057,20,50
2025-02-03 01:01:34,6.099,7.182,7.603,20.88463656292485,20,50
2025-02-03 01:01:35,5.994,7.101,7.751,20.84643946161945,20,50
2025-02-03 01:01:37,6.216,6.954,7.897,21.067561822120226,20,50
2025-02-03 01:01:38,6.437,7.017,7.817,21.271314421862133,20,50
2025-02-03 01:01:40,6.376,7.001,7.703,21.08037891066428,20,50
2025-02-03 01:01:41,6.573,6.698,7.757,21.027195342964042,20,50
2025-02-03 01:01:43,6.618,6.907,7.734,21.259511219415636,20,50
2025-02-03 01:01:45,6.801,7.038,7.834,21.673057079627654,20,50
2025-02-03 01:01:46,6.876,6.816,7.63,21.323073056694582,20,50
2025-02-03 01:01:48,7.292,6.911,7.6,21.80250180697805,20,50
2025-02-03 01:01:50,7.306,6.872,7.466,21.644271383615624,20,50
2025-02-03 01:01:51,7.427,6.67,7.513,21.610248062747296,20,50
2025-02-03 01:01:53,7.189,6.73,7.383,21.302276891210763,20,50
2025-02-03 01:01:55,7.374,6.508,7.322,21.203672306834427,20,50
2025-02-03 01:01:57,7.479,6.633,7.149,21.260850350627766,20,50
2025-02-03 01:01:58,7.811,6.58,7.161,21.551743854049494,20,50
2025-02-03 01:02:00,7.961,6.504,6.893,21.358323242957837,20,50
2025-02-03 01:02:02,8.008,6.256,6.904,21.168340155600447,20,50
2025-02-03 01:02:03,8.156,6.394,6.875,21.4250040119506,20,50
2025-02-03 01:02:05,8.169,6.342,6.824,21.3357777933196,20,50
2025-02-03 01:02:07,8.203,6.334,6.611,21.148536065066946,20,50
2025-02-03 01:02:08,8.042,6.364,6.628,21.034177658923817,20,50
2025-02-03 01:02:10,8.456,6.213,6.442,21.11064348692014,20,50
2025-02-03 01:02:12,8.096,6.43,6.497,21.02349612046696,20,50
2025-02-03 01:02:13,8.287,6.437,6.286,21.01025805809268,20,50
2025-02-03 01:02:15,8.237,6.372,6.324,20.93233360145748,20,50
2025-02-03 01:02:17,8.449,6.298,6.078,20.824571237722903,20,50
2025-02-03 01:02:19,8.328,6.956,6.086,21.369681815258414,20,50
2025-02-03 01:02:20,8.454,6.795,6.081,21.33052968283411,20,50
2025-02-03 01:02:22,8.427,6.491,6.062,20.98063041374166,20,50
2025-02-03 01:02:24,8.458,6.589,6.025,21.071678550447142,20,50
2025-02-03 01:02:25,8.348,6.641,6.062,21.049995629832168,20,50
2025-02-03 01:02:27,8.032,6.523,5.819,20.374090328694724,20,50
2025-02-03 01:02:29,8.248,6.724,6.186,21.1580404018831,20,50
2025-02-03 01:02:30,8.208,6.588,5.755,20.551028628737974,20,50
2025-02-03 01:02:32,7.926,6.538,5.974,20.43782587839442,20,50
2025-02-03 01:02:34,8.106,6.557,5.702,20.364558284404126,20,50
2025-02-03 01:02:35,7.754,6.728,5.999,20.48041447997557,20,50
2025-02-03 01:02:37,7.658,6.664,5.938,20.260186045556626,20,50
2025-02-03 01:02:39,7.834,6.951,5.933,20.718227164831,20,50
2025-02-03 01:02:40,7.506,6.94,6.178,20.624093688331953,20,50
2025-02-03 01:02:42,7.281,6.947,5.826,20.05360829159572,20,50
2025-02-03 01:02:44,7.175,6.827,5.981,19.983790644757715,20,50
2025-02-03 01:02:45,7.093,6.894,6.116,20.102975598203685,20,50
2025-02-03 01:02:47,7.068,7.459,5.945,20.47196028122684,20,50
2025-02-03 01:02:49,6.792,7.318,6.087,20.197975956682992,20,50
2025-02-03 01:02:50,6.78,7.32,6.166,20.26603069041175,20,50
2025-02-03 01:02:52,6.774,7.51,6.411,20.695039163689803,20,50
2025-02-03 01:02:54,6.311,7.203,6.364,19.878114367538622,20,50
2025-02-03 01:02:55,6.429,7.185,6.489,20.102564896429747,20,50
2025-02-03 01:02:57,6.117,6.486,6.813,19.41613876696351,20,50
2025-02-03 01:02:59,6.099,7.626,6.624,20.348592154564813,20,50
2025-02-03 01:03:00,6.028,7.771,6.905,20.704386027002002,20,50
2025-02-03 01:03:02,5.817,8.065,6.771,20.653838747098636,20,50
2025-02-03 01:03:04,6.002,7.898,6.961,20.860953680151873,20,50
2025-02-03 01:03:05,5.857,8.021,7.024,20.901850885156563,20,50
2025-02-03 01:03:07,5.965,7.846,7.001,20.812721013527657,20,50
2025-02-03 01:03:09,5.92,7.755,7.28,20.954031818683696,20,50
2025-02-03 01:03:10,5.777,7.985,7.187,20.94955832549407,20,50
2025-02-03 01:03:12,5.641,7.749,7.343,20.732857185549804,20,50
2025-02-03 01:03:14,5.604,7.859,7.323,20.78585260749005,20,50
2025-02-03 01:03:15,5.644,7.965,7.424,21.03327244467766,20,50
2025-02-03 01:03:17,5.657,7.77,7.573,20.99934265922828,20,50
2025-02-03 01:03:19,5.933,7.623,7.521,21.075818090454526,20,50
2025-02-03 01:03:21,5.747,7.716,7.508,20.97094617932303,20,50
2025-02-03 01:03:22,5.924,7.576,7.547,21.046705300426318,20,50
2025-02-03 01:03:24,5.986,7.617,7.658,21.261184437711968,20,50
2025-02-03 01:03:26,5.874,7.479,7.659,21.012171493257398,20,50
2025-02-03 01:03:27,5.737,7.313,7.742,20.791945232980463,20,50
2025-02-03 01:03:29,5.808,7.354,7.715,20.876559463015646,20,50
2025-02-03 01:03:31,6.318,7.181,7.846,21.34484594001309,20,50
2025-02-03 01:03:32,6.057,7.244,7.689,20.990091581478943,20,50
2025-02-03 01:03:34,6.135,7.139,7.934,21.20794257712707,20,50
2025-02-03 01:03:36,6.192,6.977,7.643,20.811832288712836,20,50
2025-02-03 01:03:37,6.428,7.117,7.739,21.283662587704207,20,50
2025-02-03 01:03:39,6.401,6.913,7.645,20.959552695661504,20,50
2025-02-03 01:03:41,6.378,7.104,7.614,21.09589272167232,20,50
2025-02-03 01:03:42,6.839,6.947,7.735,21.5211771497207,20,50
2025-02-03 01:03:44,6.662,6.741,7.734,21.13662876240914,20,50
2025-02-03 01:03:45,6.986,6.613,7.507,21.105909079255422,20,50
2025-02-03 01:03:47,7.12,6.48,7.521,21.121004388938395,20,50
2025-02-03 01:03:49,5.556,6.312,7.536,19.40380604179721,20,50
2025-02-03 01:03:50,6.387,6.078,7.477,19.941965037992716,20,50
2025-02-03 01:03:52,5.953,6.396,7.398,19.746071332154013,20,50
2025-02-03 01:03:54,5.833,6.08,7.099,19.011513357078275,20,50
2025-02-03 01:03:56,6.326,6.139,7.23,19.694656591400346,20,50
2025-02-03 01:03:57,5.975,6.258,7.152,19.38554714889976,20,50
2025-02-03 01:03:59,5.956,5.962,6.923,18.841223043575784,20,50
2025-02-03 01:04:01,7.568,6.046,7.127,20.741616949595326,20,50
2025-02-03 01:08:01,8.239,7.782,5.213,21.234110663584246,20,50
2025-02-03 01:08:02,8.264,7.708,5.188,21.159580441129542,20,50
2025-02-03 01:08:03,6.641,7.903,5.281,19.82613388239403,20,50
2025-02-03 01:08:04,6.592,7.768,5.527,19.886808575564302,20,50
2025-02-03 01:08:05,7.979,6.833,5.263,20.075880369511705,20,50
2025-02-03 01:08:06,7.508,6.899,5.544,19.950826062709496,20,50
2025-02-03 01:08:07,7.396,7.024,5.318,19.738501058260887,20,50
2025-02-03 01:08:08,7.367,8.102,5.46,20.92897558264688,20,50
2025-02-03 01:08:09,7.505,8.057,5.448,21.009319772728517,20,50
2025-02-03 01:08:10,7.776,7.979,5.448,21.201988584619087,20,50
2025-02-03 01:08:11,7.409,8.289,5.416,21.11366314190488,20,50
2025-02-03 01:08:12,7.446,8.229,5.854,21.52949556364911,20,50
2025-02-03 01:08:13,7.459,8.144,5.928,21.531030473906,20,50
2025-02-03 01:08:14,7.398,8.259,5.93,21.587994446462186,20,50
2025-02-03 01:08:15,7.487,8.211,6.226,21.923853217385798,20,50
2025-02-03 01:08:16,7.524,8.415,5.999,21.938822951683832,20,50
2025-02-03 01:08:17,7.476,8.298,6.128,21.902442407115384,20,50
2025-02-03 01:08:18,7.371,8.264,6.237,21.872839661136915,20,50
2025-02-03 01:08:19,7.093,8.389,6.178,21.66007785696441,20,50
2025-02-03 01:08:20,7.144,8.443,6.412,21.998630389259496,20,50
2025-02-03 01:08:21,7.26,8.289,6.592,22.141018707925557,20,50
2025-02-03 01:08:22,7.197,8.277,6.775,22.249886381404103,20,50
2025-02-03 01:08:23,7.001,8.451,6.658,22.10937853759389,20,50
2025-02-03 01:08:24,7.05,8.276,6.773,22.099343124047785,20,50
2025-02-03 01:08:25,7.106,8.253,6.905,22.264396200405173,20,50
2025-02-03 01:08:26,5.292,8.332,7.28,20.904306899800645,20,50
2025-02-03 01:08:27,5.249,8.378,7.166,20.792261703382977,20,50
2025-02-03 01:08:28,5.537,8.179,6.13,19.846354120880942,20,50
2025-02-03 01:08:29,5.554,8.254,6.464,20.27208191268258,20,50
2025-02-03 01:08:30,7.109,8.404,6.445,21.958446682707027,20,50
2025-02-03 01:08:31,6.904,7.995,6.577,21.47540937891775,20,50
2025-02-03 01:08:32,6.936,8.243,6.565,21.744938063151494,20,50
2025-02-03 01:08:33,7.072,7.861,6.69,21.62261601198745,20,50
2025-02-03 01:08:34,7.217,7.761,6.57,21.54793592595604,20,50
2025-02-03 01:08:35,7.262,7.67,6.689,21.621271692860226,20,50
2025-02-03 01:08:36,7.077,7.546,6.747,21.37025003446551,20,50
2025-02-03 01:08:37,7.159,7.469,6.964,21.591905714326444,20,50
2025-02-03 01:08:38,7.451,7.611,6.88,21.94220064804376,20,50
2025-02-03 01:08:39,7.31,7.563,6.795,21.66792161482128,20,50
2025-02-03 01:08:40,7.429,7.295,7.051,21.77489717825682,20,50
2025-02-03 01:08:41,7.278,7.143,6.936,21.357099947289615,20,50
2025-02-03 01:08:42,7.506,6.949,7.123,21.577791545460435,20,50
2025-02-03 01:08:43,7.631,6.903,6.926,21.46005110840526,20,50
2025-02-03 01:08:44,7.465,6.968,7.068,21.50130390925154,20,50
2025-02-03 01:08:45,7.731,6.73,6.897,21.35771125935372,20,50
2025-02-03 01:08:46,7.541,5.552,7.022,20.114614933115686,20,50
2025-02-03 01:08:47,7.719,5.391,6.967,20.07702795939811,20,50
2025-02-03 01:08:48,7.88,7.093,7.111,22.083734472216015,20,50
2025-02-03 01:08:49,7.93,6.942,6.746,21.617822695463627,20,50
2025-02-03 01:08:50,7.953,6.793,7.148,21.89375129762412,20,50
2025-02-03 01:08:51,7.746,6.785,6.867,21.398598390892033,20,50
2025-02-03 01:08:52,7.896,6.664,6.917,21.4765210519695,20,50
2025-02-03 01:08:53,8.093,6.847,6.737,21.676084574503545,20,50
2025-02-03 01:08:55,7.77,7.001,6.846,21.617283209723865,20,50
2025-02-03 01:08:56,7.815,6.724,6.825,21.364526429941538,20,50
2025-02-03 01:08:57,7.866,6.898,6.742,21.506336231270748,20,50
2025-02-03 01:08:58,7.93,6.778,6.741,21.44855347354058,20,50
2025-02-03 01:08:59,7.668,6.688,6.611,20.966040511827373,20,50
2025-02-03 01:09:00,8.438,6.625,5.546,20.60845841539641,20,50
2025-02-03 01:09:01,7.798,6.863,8.103,22.76389166894281,20,50
2025-02-03 01:09:03,7.969,6.65,7.897,22.516183535303888,20,50
2025-02-03 01:09:04,7.711,6.649,7.795,22.155156196935977,20,50
2025-02-03 01:09:05,7.836,6.85,6.58,21.265787005517836,20,50
2025-02-03 01:09:06,7.811,6.821,8.122,22.753452910865988,20,50
2025-02-03 01:09:07,7.464,6.799,8.007,22.270067374025405,20,50
2025-02-03 01:09:08,7.609,6.969,8.135,22.713194923125705,20,50
2025-02-03 01:09:09,7.64,6.755,8.068,22.461902126122823,20,50
2025-02-03 01:09:10,7.551,6.787,8.188,22.52594808894691,20,50
2025-02-03 01:09:11,7.747,6.976,8.554,23.277369009607384,20,50
2025-02-03 01:09:12,6.643,6.849,8.53,22.021755233322047,20,50
2025-02-03 01:09:13,6.672,6.782,8.65,22.104961165039704,20,50
2025-02-03 01:09:14,6.163,6.806,8.657,21.625833291814544,20,50
2025-02-03 01:09:15,6.251,6.853,8.842,21.946034368990446,20,50
2025-02-03 01:09:16,6.237,6.781,8.765,21.784052626454674,20,50
2025-02-03 01:09:17,6.11,6.774,8.888,21.77197122770016,20,50
2025-02-03 01:09:18,7.647,6.873,9.025,23.544910126037315,20,50
2025-02-03 01:09:19,7.106,7.058,8.838,23.002247003238786,20,50
2025-02-03 01:09:20,7.416,7.032,8.903,23.350827139392155,20,50
2025-02-03 01:09:21,7.476,6.936,9.029,23.440634564232653,20,50
2025-02-03 01:09:22,7.227,6.802,9.007,23.03648895879516,20,50
2025-02-03 01:09:23,7.067,6.812,8.808,22.686438613534214,20,50
2025-02-03 01:09:24,7.001,6.902,8.897,22.800028142830705,20,50
2025-02-03 01:09:25,7.183,6.928,9.027,23.137675084359465,20,50
2025-02-03 01:09:26,6.955,7.239,9.083,23.277133991445687,20,50
2025-02-03 01:09:27,7.156,7.115,8.9,23.17109821821078,20,50
2025-02-03 01:09:28,7.156,7.606,8.929,23.691042076747227,20,50
2025-02-03 01:09:29,7.304,7.07,8.863,23.23685133986077,20,50
2025-02-03 01:09:30,7.211,7.262,8.882,23.354094028846085,20,50
2025-02-03 01:09:31,7.352,7.023,8.637,23.01155381390813,20,50
2025-02-03 01:09:32,7.111,6.999,8.66,22.771060500013867,20,50
2025-02-03 01:09:33,7.318,7.225,8.447,22.99012245372617,20,50
2025-02-03 01:09:34,7.009,7.026,8.215,22.249858331130064,20,50
2025-02-03 01:09:35,7.164,7.187,8.453,22.804213555033662,20,50
2025-02-03 01:09:36,7.09,7.136,8.251,22.477662774284177,20,50
2025-02-03 01:09:37,6.987,7.15,7.954,22.09121585498252,20,50
2025-02-03 01:09:38,7.248,7.222,7.803,22.273207366469915,20,50
2025-02-03 01:09:39,7.151,7.219,7.849,22.218943372601007,20,50
2025-02-03 01:09:40,7.066,7.391,7.68,22.13760844059877,20,50
2025-02-03 01:09:41,7.046,7.026,7.443,21.515537111058755,20,50
2025-02-03 01:09:42,7.23,7.075,7.393,21.697213648281046,20,50
2025-02-03 01:09:43,6.995,7.086,7.247,21.327503437287127,20,50
2025-02-03 01:09:44,7.13,7.167,7.135,21.432052438930967,20,50
2025-02-03 01:09:45,6.891,7.078,7.26,21.230107360001252,20,50
2025-02-03 01:09:46,7.028,7.017,6.799,20.844130774285265,20,50
2025-02-03 01:09:47,6.78,7.44,6.671,20.89060720507184,20,50
2025-02-03 01:09:48,7.029,7.037,6.515,20.5801173285455,20,50
2025-02-03 01:09:49,6.924,7.023,6.356,20.302138982009218,20,50
2025-02-03 01:09:50,7.167,7.166,6.311,20.6439688029871,20,50
2025-02-03 01:09:51,6.994,7.124,6.093,20.21080506283273,20,50
2025-02-03 01:09:52,6.869,6.875,6.043,19.787643047090228,20,50
2025-02-03 01:09:53,7.147,7.33,6.079,20.556056959677548,20,50
2025-02-03 01:09:54,6.889,6.993,5.722,19.60506430403064,20,50
2025-02-03 01:09:55,7.023,7.093,5.683,19.798574214497876,20,50
2025-02-03 01:09:56,6.701,7.189,5.545,19.435137227614902,20,50
2025-02-03 01:09:57,6.938,7.241,5.499,19.67807151353862,20,50
2025-02-03 01:09:58,6.78,6.865,5.281,18.92611966401842,20,50
2025-02-03 01:09:59,6.827,6.982,5.074,18.882428958025535,20,50
2025-02-03 01:10:00,6.709,6.8,5.075,18.58409719663354,20,50
2025-02-03 01:10:01,6.8,6.882,5.052,18.734406135304727,20,50
2025-02-03 01:10:02,6.702,6.963,4.988,18.65221951053471,20,50
2025-02-03 01:10:04,6.768,6.982,4.982,18.731801206059032,20,50
2025-02-03 01:10:05,6.658,7.062,4.854,18.574205905553832,20,50
2025-02-03 01:10:06,6.875,6.926,4.736,18.536040544182185,20,50
2025-02-03 01:10:07,6.895,6.868,4.902,18.665149136417185,20,50
2025-02-03 01:10:08,6.787,6.96,4.638,18.38472219963578,20,50
2025-02-03 01:10:09,6.829,6.978,4.578,18.385311916292494,20,50
2025-02-03 01:10:10,6.448,6.825,4.557,17.82916203539388,20,50
2025-02-03 01:10:11,6.678,6.796,4.548,18.02186375130981,20,50
2025-02-03 01:10:12,6.588,6.936,4.526,18.04860299265306,20,50
2025-02-03 01:10:13,6.806,6.86,4.729,18.394424884042074,20,50
2025-02-03 01:10:14,6.863,6.721,4.952,18.53607055822864,20,50
2025-02-03 01:10:15,6.969,6.702,4.56,18.23038484126591,20,50
2025-02-03 01:10:16,6.964,6.72,4.729,18.41257493280775,20,50
2025-02-03 01:10:17,6.681,6.707,5.077,18.464214004894984,20,50
2025-02-03 01:10:18,6.899,6.87,5.072,18.841122633451675,20,50
2025-02-03 01:10:19,6.756,6.779,5.359,18.894310942961514,20,50
2025-02-03 01:10:20,6.692,7.025,5.266,18.982622191566495,20,50
2025-02-03 01:10:21,6.997,6.986,5.363,19.34527618866885,20,50
2025-02-03 01:10:22,6.934,6.584,5.121,18.639818063467246,20,50
2025-02-03 01:10:23,6.774,6.563,5.323,18.65964405484826,20,50
2025-02-03 01:10:24,6.862,6.712,5.63,19.203447455543706,20,50
2025-02-03 01:10:25,6.879,6.739,5.631,19.248545731010157,20,50
2025-02-03 01:10:26,6.928,6.816,5.734,19.477142093992512,20,50
2025-02-03 01:10:27,6.903,6.882,5.99,19.774458122196222,20,50
2025-02-03 01:10:28,6.966,6.599,6.323,19.88813340490426,20,50
2025-02-03 01:10:29,7.008,6.841,6.131,19.980596727899457,20,50
2025-02-03 01:10:30,6.896,6.783,6.461,20.140410230053096,20,50
2025-02-03 01:10:31,6.81,6.786,6.438,20.0344244117677,20,50
2025-02-03 01:10:32,7.007,6.813,6.663,20.482567194226846,20,50
2025-02-03 01:10:33,6.871,6.655,6.961,20.487835243238973,20,50
2025-02-03 01:10:34,6.833,6.813,6.932,20.577575825731085,20,50
2025-02-03 01:10:35,6.949,6.802,6.884,20.63564206536888,20,50
2025-02-03 01:10:36,6.95,7.017,7.341,21.306951307656036,20,50
2025-02-03 01:10:37,7.004,6.835,7.238,21.076070395474353,20,50
2025-02-03 01:10:38,7.085,6.928,7.657,21.669875592913442,20,50
2025-02-03 01:10:40,7.06,6.908,7.695,21.663465914880867,20,50
2025-02-03 01:10:41,6.976,6.776,7.862,21.614452008369874,20,50
2025-02-03 01:10:42,7.015,6.884,7.979,21.877830753640623,20,50
2025-02-03 01:10:43,7.193,6.75,8.074,22.017161141221923,20,50
2025-02-03 01:10:44,7.223,6.741,8.211,22.174035814115072,20,50
2025-02-03 01:10:45,7.201,6.714,8.352,22.2659460253343,20,50
2025-02-03 01:10:46,7.113,6.823,8.317,22.25283604322386,20,50
2025-02-03 01:10:47,7.084,7.011,8.561,22.65607302448963,20,50
2025-02-03 01:10:48,7.201,6.615,8.534,22.35067754251382,20,50
2025-02-03 01:10:49,7.071,6.98,8.515,22.567217579052972,20,50
2025-02-03 01:10:50,7.401,6.844,8.759,23.004346905484034,20,50
2025-02-03 01:10:51,7.157,6.84,8.613,22.609821660990168,20,50
2025-02-03 01:10:52,6.998,6.732,8.889,22.619698042234592,20,50
2025-02-03 01:10:53,7.119,6.734,8.873,22.726545051638016,20,50
2025-02-03 01:10:54,7.079,6.929,9.04,23.047976358016307,20,50
2025-02-03 01:10:55,7.354,6.933,9.061,23.348618705550685,20,50
2025-02-03 01:10:56,7.133,6.813,8.886,22.83182461728211,20,50
2025-02-03 01:10:57,7.263,6.996,9.108,23.367051688411813,20,50
2025-02-03 01:10:58,7.337,6.817,9.31,23.46498791779579,20,50
2025-02-03 01:10:59,7.262,7.226,8.898,23.386247488236226,20,50
2025-02-03 01:11:00,7.194,7.128,8.973,23.29455430265634,20,50
2025-02-03 01:11:01,7.263,7.115,9.064,23.441818840810296,20,50
2025-02-03 01:11:02,7.368,7.121,9.096,23.585516778443125,20,50
2025-02-03 01:11:03,7.091,6.962,8.933,22.986001494809333,20,50
2025-02-03 01:11:04,7.355,6.985,8.826,23.165396071528203,20,50
2025-02-03 01:11:05,7.129,6.964,8.967,23.059965873880657,20,50
2025-02-03 01:11:07,7.133,7.011,8.681,22.824226379544506,20,50
2025-02-03 01:11:08,7.251,6.89,8.646,22.787539449357798,20,50
2025-02-03 01:11:09,7.115,7.065,7.701,21.88079520551629,20,50
2025-02-03 01:11:10,7.307,7.094,7.196,21.596269718680645,20,50
2025-02-03 01:11:11,7.158,7.008,8.685,22.850607906419377,20,50
2025-02-03 01:11:12,7.158,7.198,8.682,23.037487607989426,20,50
2025-02-03 01:11:13,7.045,6.977,8.582,22.603879343289744,20,50
2025-02-03 01:11:14,7.048,6.952,8.554,22.55323277862761,20,50
2025-02-03 01:11:15,7.023,7.126,8.511,22.659933856105198,20,50
2025-02-03 01:11:16,6.99,7.009,8.676,22.6748613920526,20,50
2025-02-03 01:11:17,7.107,7.034,8.606,22.747928874197566,20,50
2025-02-03 01:11:18,7.152,7.19,8.283,22.62484187466469,20,50
2025-02-03 01:11:19,7.011,7.053,8.437,22.50106316075056,20,50
2025-02-03 01:11:20,7.069,7.033,8.443,22.54536045475167,20,50
2025-02-03 01:11:21,7.073,5.558,7.978,20.60862653583364,20,50
2025-02-03 01:11:22,7.005,5.787,7.992,20.784178295769784,20,50
2025-02-03 01:11:23,6.919,5.603,8.09,20.61089954409141,20,50
2025-02-03 01:11:24,6.857,5.466,7.922,20.24437963884647,20,50
2025-02-03 01:11:25,7.131,5.506,7.855,20.492609421718477,20,50
2025-02-03 01:11:26,6.72,5.77,7.501,19.990680369083876,20,50
2025-02-03 01:11:27,7.146,5.552,7.424,20.122509465033165,20,50
2025-02-03 01:11:28,6.933,6.187,7.428,20.548729413146035,20,50
2025-02-03 01:11:29,6.938,7.03,7.248,21.21627371042311,20,50
2025-02-03 01:11:30,6.945,7.003,7.082,21.030560291952693,20,50
2025-02-03 01:11:31,6.858,7.377,6.97,21.20414840864713,20,50
2025-02-03 01:11:32,6.722,7.046,6.766,20.53462141811537,20,50
2025-02-03 01:11:33,6.786,7.449,6.815,21.049630922860686,20,50
2025-02-03 01:11:34,6.824,7.373,6.677,20.874217002594555,20,50
2025-02-03 01:11:35,6.69,7.533,6.371,20.593498701196797,20,50
2025-02-03 01:11:36,6.806,7.365,6.227,20.397793972580438,20,50
2025-02-03 01:11:37,6.747,7.575,6.138,20.460267011862438,20,50
2025-02-03 01:11:38,6.611,8.061,6.381,21.053047276212364,20,50
2025-02-03 01:11:39,6.906,7.592,6.099,20.596179609880988,20,50
2025-02-03 01:11:40,6.66,7.78,5.922,20.36181728657813,20,50
2025-02-03 01:11:41,6.543,7.688,5.812,20.04393213954549,20,50
2025-02-03 01:11:42,6.802,7.582,5.707,20.090268659391022,20,50
2025-02-03 01:11:43,6.521,7.764,5.602,19.887205507088076,20,50
2025-02-03 01:11:44,6.703,8.07,5.67,20.442650838918333,20,50
2025-02-03 01:11:45,6.817,7.891,5.506,20.214359208864888,20,50
2025-02-03 01:11:46,6.948,8.138,5.304,20.389625027727128,20,50
2025-02-03 01:11:47,6.645,7.954,5.261,19.85949296565611,20,50
2025-02-03 01:11:48,6.952,8.041,5.199,20.191754193190405,20,50
2025-02-03 01:11:49,6.8,8.089,5.033,19.922817186013333,20,50
2025-02-03 01:11:50,6.845,8.202,5.396,20.443044461249205,20,50
2025-02-03 01:11:51,6.965,7.98,5.071,20.016535100195146,20,50
2025-02-03 01:11:52,6.85,8.195,4.973,20.019030012322673,20,50
2025-02-03 01:11:53,6.985,7.947,4.908,19.840303022876963,20,50
2025-02-03 01:11:54,6.864,7.975,4.81,19.649329448417316,20,50
2025-02-03 01:11:55,6.916,8.094,4.976,19.986148993221,20,50
2025-02-03 01:11:56,6.628,7.862,5.231,19.72164982483691,20,50
2025-02-03 01:11:57,7.004,7.685,4.832,19.519976508729727,20,50
2025-02-03 01:11:58,7.181,7.986,4.861,20.02828411898251,20,50
2025-02-03 01:11:59,6.837,7.859,4.978,19.673738747824046,20,50
2025-02-03 01:12:00,6.878,7.747,4.895,19.519551000059646,20,50
2025-02-03 01:12:01,7.048,7.896,4.881,19.825175624518106,20,50
2025-02-03 01:12:02,6.859,7.673,5.337,19.86921288053752,20,50
2025-02-03 01:12:03,6.936,7.739,5.48,20.154635528366523,20,50
2025-02-03 01:12:04,6.828,7.496,5.268,19.592175780324865,20,50
2025-02-03 01:12:05,6.807,7.731,5.435,19.97316557250557,20,50
2025-02-03 01:12:07,7.064,7.54,5.513,20.11744879409993,20,50
2025-02-03 01:12:08,7.143,7.453,5.735,20.33166125760237,20,50
2025-02-03 01:12:09,6.968,7.731,5.468,20.166908162232883,20,50
2025-02-03 01:12:10,6.716,7.378,5.569,19.662821273199036,20,50
2025-02-03 01:12:11,7.263,7.314,5.748,20.325133663224136,20,50
2025-02-03 01:12:12,7.095,7.305,5.724,20.124481138556032,20,50
2025-02-03 01:12:13,7.089,7.169,5.847,20.10509370443893,20,50
2025-02-03 01:12:14,7.001,6.938,6.312,20.251384558195912,20,50
2025-02-03 01:12:15,7.23,6.763,6.281,20.27474488680258,20,50
2025-02-03 01:12:16,6.956,6.893,6.343,20.19119182548495,20,50
2025-02-03 01:12:17,7.108,6.758,6.467,20.333146450349997,20,50
2025-02-03 01:12:18,6.9,6.727,6.644,20.270726701636885,20,50
2025-02-03 01:12:19,6.99,6.796,6.899,20.685591521872475,20,50
2025-02-03 01:12:20,7.011,6.732,6.925,20.668079022524076,20,50
2025-02-03 01:12:21,7.156,6.475,6.891,20.521877224852016,20,50
2025-02-03 01:12:22,7.404,6.444,7.248,21.09662551820237,20,50
2025-02-03 01:12:23,7.156,6.765,7.239,21.159522797698592,20,50
2025-02-03 01:12:24,7.032,6.324,7.376,20.73224142327678,20,50
2025-02-03 01:12:25,6.517,6.429,7.614,20.55979885465849,20,50
2025-02-03 01:12:26,6.628,6.33,7.647,20.604628709747672,20,50
2025-02-03 01:12:27,7.907,6.168,7.513,21.587180473068706,20,50
2025-02-03 01:12:28,8.047,6.097,7.824,21.967395070939485,20,50
2025-02-03 01:12:29,7.938,6.103,8.221,22.26203597531191,20,50
2025-02-03 01:12:30,8.108,6.043,8.071,22.221271460457118,20,50
2025-02-03 01:12:31,7.974,6.061,8.195,22.229940378693104,20,50
2025-02-03 01:12:32,7.974,6.208,8.181,22.363221480209546,20,50
2025-02-03 01:12:33,8.204,5.964,8.22,22.38781269027941,20,50
2025-02-03 01:12:34,8.209,5.931,8.472,22.61187512818549,20,50
2025-02-03 01:12:35,8.061,5.842,8.367,22.2695043380741,20,50
2025-02-03 01:12:36,8.13,5.827,8.483,22.440993668647685,20,50
2025-02-03 01:12:37,8.277,5.95,8.552,22.77961412816984,20,50
2025-02-03 01:12:38,8.474,5.735,8.596,22.80455397846212,20,50
2025-02-03 01:12:39,7.856,5.707,8.79,22.352846945226965,20,50
2025-02-03 01:12:40,8.042,5.923,8.73,22.69492497528875,20,50
2025-02-03 01:12:41,7.96,5.87,8.75,22.58063807171285,20,50
2025-02-03 01:12:42,8.087,5.876,8.917,22.879892990522492,20,50
2025-02-03 01:12:43,8.033,5.661,8.754,22.448407591539286,20,50
2025-02-03 01:12:44,8.257,5.909,8.627,22.79337259136768,20,50
2025-02-03 01:12:45,8.267,5.945,8.826,23.037786418571546,20,50
2025-02-03 01:12:46,8.038,6.054,9.098,23.190274473078162,20,50
2025-02-03 01:12:47,8.019,5.854,8.911,22.783866366690425,20,50
2025-02-03 01:12:48,8.004,6.261,8.949,23.21501699225895,20,50
2025-02-03 01:12:49,7.65,5.968,8.675,22.292240984620133,20,50
2025-02-03 01:12:50,7.711,5.964,8.716,22.391371532806822,20,50
2025-02-03 01:12:51,7.724,6.199,8.59,22.514237233286227,20,50
2025-02-03 01:12:52,7.661,6.392,7.217,21.268907524450107,20,50
2025-02-03 01:12:53,7.517,6.274,6.988,20.778968279645852,20,50
2025-02-03 01:12:54,7.581,6.396,8.295,22.271901084654093,20,50
2025-02-03 01:12:55,7.337,6.451,7.992,21.780140613083855,20,50
2025-02-03 01:12:56,7.545,6.482,8.075,22.10186576712019,20,50
2025-02-03 01:12:57,7.302,6.59,8.084,21.975670345870018,20,50
2025-02-03 01:12:58,7.209,6.773,8.125,22.10664777514036,20,50
2025-02-03 01:12:59,7.343,6.895,8.029,22.267146205104574,20,50
